id,nombre,correo,puntos
3,aguilera estrella,prueba@gmail.com,0
4,aguilera estrella,aguilera2707@gmail.com.mx,1
5,carlos,carlos@gmail.com,1
10,jaime nuño de león hijo,leon@gmail.com,574
12,juan ortega,ortegaj@gmail.com,84
13,leslie vado,leslie@gmail.com,0
15,Jorge Díaz Münhaguen,jdiaz@diaz.com,0
17,Ortega,ortega12@casa.com,0
18,melchor ocampo,melchor@gmail.com,5
19,Diaz Ordaz,dordaz10@familia.com,53
20,prueba prueba,prueba2@gmail.com,0
21,Dominguez S.,dominguez@uady.com,0
22,Baquedano Cocom,baquedano@gmail.com,35
