id,familia_id,tipo,puntos,descripcion,fecha
1,10,suma,5,prueba,2025-06-24 12:46:26.107805
2,10,suma,5,prueba 2,2025-06-24 12:48:43.771946
3,22,suma,20,prueba,2025-07-10 10:54:34.783354
4,22,canje,-10,prueba 2,2025-07-10 10:54:52.072310
5,22,suma,20,prueba 3,2025-07-10 10:55:30.377952
6,10,suma,5,Asistencia al evento: Validacion QR 1,2025-07-10 17:39:59.248905
7,10,suma,5,Asistencia al evento: Validacion QR 4,2025-07-10 17:43:02.444238
8,22,suma,5,Asistencia al evento: Validacion QR 5,2025-07-10 06:15:19.008787
9,18,suma,5,Asistencia al evento: Validacion QR 5,2025-07-10 06:18:01.460781
10,10,suma,20,Asistencia al evento: sala de juntas,2025-07-11 17:38:45.548943
11,10,suma,5,Asistencia al evento: pruebas,2025-07-11 17:40:21.232688
12,10,canje,-35,festival fin de curso,2025-07-14 10:11:05.562195
13,10,suma,20,Asistencia al evento: imagold,2025-07-14 16:25:35.939894
