id,familia_id,tipo,puntos,descripcion,fecha
1,4,suma,5,prueba,2025-07-29 11:16:38.391346
2,4,suma,15,Asistencia al evento: Escuela para padres,2025-07-29 17:36:44.226125
3,4,suma,2,prueba 3,2025-07-29 11:39:22.301241
4,4,suma,5,asistencia,2025-07-29 11:44:51.256439
5,4,suma,4,Asistencia al evento: imagold,2025-07-29 17:48:23.260753
6,4,suma,4,prueba 5,2025-07-29 11:49:12.449131
7,4,suma,6,Asistencia al evento: pruebas 7,2025-07-29 17:54:03.038459
8,4,suma,12,Asistencia al evento: prueba final,2025-07-29 17:57:08.813849
9,4,suma,1,Asistencia al evento: pruebas 8,2025-07-29 18:07:04.157803
10,4,suma,4,Asistencia al evento: prueba final 2,2025-07-29 18:20:50.908471
11,4,suma,4,Asistencia al evento: correo,2025-07-29 18:23:45.653140
12,4,suma,4,Asistencia al evento: correo 2,2025-07-29 18:26:38.363262
13,4,suma,5,Asistencia al evento: correo 3,2025-07-29 18:31:50.734161
14,4,suma,6,Asistencia al evento: correo 6,2025-07-29 18:34:25.042582
15,4,suma,5,Asistencia al evento: correo 8,2025-07-29 18:39:04.849426
16,4,suma,4,Asistencia al evento: correo 19,2025-07-29 18:50:57.128488
17,4,suma,5,Asistencia al evento: hora correcta 2,2025-07-29 13:04:20.059769
