id,nombre_evento,puntos,qr_filename,latitud,longitud,requiere_ubic,valid_from,valid_to
1,pruebas,5,evento_1.png,21.0072377,-89.5736952,True,2025-08-07 10:14:00,2025-08-08 10:14:00
2,prueba evento expirado,5,evento_2.png,21.0072377,-89.5736952,False,2025-08-05 10:31:00,2025-08-06 10:32:00
3,pruebas 2,5,evento_3.png,21.0072377,-89.5736952,True,2025-08-05 11:06:00,2025-08-06 11:07:00
4,prueba evento vigente sin ubicacion,5,evento_4.png,21.0072377,-89.5736952,False,2025-08-12 11:07:00,2025-08-13 11:07:00
5,prueba con ubicacion,5,evento_5.png,21.0111364,-89.570839,True,2025-08-12 11:09:00,2025-08-14 11:09:00
6,prueba con ubicacion 2,5,evento_6.png,21.0072377,-89.5736952,True,2025-08-13 11:10:00,2025-08-14 11:10:00
7,preuba 5000,6,evento_7.png,21.0072377,-89.5736952,True,2025-08-12 13:02:00,2025-08-15 13:02:00
8,prueba final 1 sin ubicacion caducada,10,evento_8.png,21.0072377,-89.5736952,False,2025-08-05 08:30:00,2025-08-06 08:30:00
9,prueba final evento con ubicacion caducado,10,evento_9.png,21.0072377,-89.5736952,True,2025-08-06 08:35:00,2025-08-07 08:35:00
10,prueba final evento 3 sin ubicacion,10,evento_10.png,21.0072377,-89.5736952,False,2025-08-13 08:40:00,2025-08-14 08:40:00
11,pruebas,10,evento_11.png,21.0072377,-89.5736952,True,2025-08-13 08:41:00,2025-08-29 08:41:00
12,pruebas 2,4,evento_12.png,21.0072377,-89.5736952,True,2025-08-13 08:54:00,2025-08-14 08:54:00
13,nuevo,2,evento_13.png,21.0072377,-89.5736952,True,2025-08-13 08:58:00,2025-08-14 08:58:00
14,caducado sin ubi,5,evento_14.png,21.0072377,-89.5736952,False,2025-08-11 09:12:00,2025-08-12 09:12:00
15,FESTIVAL 1,4,evento_15.png,21.0072377,-89.5736952,True,2025-08-13 09:14:00,2025-08-29 09:14:00
16,caducado sin ubicacion,4,evento_16.png,21.0072377,-89.5736952,False,2025-08-11 10:11:00,2025-08-11 10:11:00
17,Evento no caducado sin iniciar,5,evento_17.png,21.0072377,-89.5736952,True,2025-08-14 10:12:00,2025-08-15 10:12:00
18,sin ubicacion activo,4,evento_18.png,21.0072377,-89.5736952,False,2025-08-13 10:13:00,2025-08-14 10:13:00
19,activo con ubiocacio,2,evento_19.png,21.0072377,-89.5736952,True,2025-08-13 10:13:00,2025-08-14 10:14:00
20,prueba 1 con qr actual,8,evento_20.png,21.0072377,-89.5736952,True,,
