id,familia_id,tipo,puntos,descripcion,fecha
1,4,suma,50,Imagold,2025-08-07 10:24:22.825938
2,4,suma,5,Asistencia al evento: prueba evento vigente sin ubicacion,2025-08-12 11:08:16.962836
3,4,suma,6,Asistencia al evento: preuba 5000,2025-08-12 13:23:37.770795
4,4,suma,5,Asistencia al evento: prueba con ubicacion 2,2025-08-12 13:25:31.546907
5,4,suma,5,Asistencia al evento: pruebas,2025-08-12 13:30:02.735069
6,4,suma,5,Asistencia al evento: prueba evento expirado,2025-08-12 13:30:23.878071
7,4,suma,5,Asistencia al evento: prueba con ubicacion,2025-08-12 13:35:21.892172
8,4,suma,10,Asistencia al evento: prueba final 1 sin ubicacion caducada,2025-08-13 08:31:32.193669
9,4,suma,10,Asistencia al evento: prueba final evento con ubicacion caducado,2025-08-13 08:36:46.986557
10,4,suma,10,Asistencia al evento: prueba final evento 3 sin ubicacion,2025-08-13 08:41:07.410972
11,4,suma,10,Asistencia al evento: pruebas,2025-08-13 08:42:17.523792
12,4,suma,4,Asistencia al evento: pruebas 2,2025-08-13 08:55:02.219357
13,4,suma,2,Asistencia al evento: nuevo,2025-08-13 08:58:51.712353
14,5,suma,5,ok,2025-08-13 09:10:22.507297
15,5,canje,-4,costco,2025-08-13 09:10:54.108366
16,4,suma,5,Asistencia al evento: prueba 2,2025-08-13 10:08:44.965420
17,4,suma,4,Asistencia al evento: sin ubicacion activo,2025-08-13 10:13:29.281106
18,4,suma,2,Asistencia al evento: activo con ubiocacio,2025-08-13 10:14:44.645354
19,4,suma,4,ok,2025-08-13 10:16:32.043583
20,5,suma,4,ok,2025-08-13 10:16:33.638728
21,4,canje,2,oki 2,2025-08-13 10:16:55.919079
22,5,canje,2,oki 2,2025-08-13 10:16:57.708006
23,5,suma,8,Asistencia al evento: prueba 1 con qr actual,2025-08-13 10:19:17.936213
24,4,suma,8,Asistencia al evento: prueba 1 con qr actual,2025-08-13 10:20:50.346197
